#{"t_start": 1751263735.6251817, "env_id": "None"}
r,l,t
-35.07,61,2.765953
-46.07,60,3.169194
37.507812,65,3.622657
32.535849,57,4.044048
32.577617,153,4.957056
33.0,89,5.614449
-35.16,136,6.557019
35.160147,64,6.936976
-35.57,60,7.356988
38.318644,56,7.715358
-41.01,32,7.985335
-35.04,72,8.418932
-35.09,51,8.72448
40.116608,43,9.003631
32.571429,73,9.557829
-37.77,47,9.900348
-35.71,35,10.188496
-38.01,58,10.653613
32.705426,51,11.266739
-32.1,84,11.880505
34.625986,46,12.230703
38.475278,57,12.653043
-32.45,52,13.081262
-35.2,78,13.658154
32.6,59,14.182312
36.838912,75,14.701241
-32.94,58,15.335502
-33.0,66,15.769727
36.663445,67,16.20873
-35.79,56,16.63427
-37.28,51,17.043319
34.614965,68,17.555084
32.806897,84,18.123008
40.025887,56,18.506437
-35.3,127,19.67178
37.80282,55,20.091766
-35.23,41,20.544571
-35.57,68,21.017136
32.449782,62,21.45622
-35.46,72,21.886369
-35.23,79,22.353803
37.894498,31,22.726246
35.201715,77,23.21904
32.046322,50,23.536211
32.28,69,23.980605
39.78068,66,24.393393
32.972222,60,24.757272
40.189684,60,25.163473
39.669909,47,25.4867
-32.75,83,25.996763
34.714608,65,26.437856
40.685577,49,26.787095
35.605166,71,27.216009
33.0,47,27.763452
-33.0,67,28.11463
-41.05,44,28.390975
36.960651,55,28.738003
34.885809,73,29.115582
35.379936,36,29.341857
-35.31,83,29.790166
37.35809,55,30.106936
-32.08,64,30.457052
35.065292,44,30.794206
-35.14,50,31.124415
38.74385,74,31.509703
32.100775,85,31.945306
38.397757,37,32.176837
37.708608,67,32.536418
-42.58,65,32.931999
-37.6,64,33.286638
34.461708,47,33.592424
32.372624,113,34.231493
32.369919,93,34.706547
-32.48,53,35.002015
32.130952,47,35.288453
-36.92,77,35.692848
-34.93,55,35.971052
42.737545,65,36.564757
-35.2,58,36.898695
-35.84,80,37.307267
32.179487,66,37.655415
35.151163,49,37.963037
32.157692,52,38.303346
-32.88,64,38.683324
-35.78,82,39.170379
-37.89,66,39.545626
38.368953,45,39.794364
-38.34,63,40.18908
-41.61,37,40.432052
34.600989,42,40.67782
37.277052,39,40.97436
-36.94,59,41.345639
37.843787,93,41.837898
37.249995,63,42.202512
32.785714,93,42.702104
-34.72,82,43.133435
-32.76,35,43.38866
38.392751,97,43.955752
32.748634,75,44.383818
32.26129,70,44.750434
-35.06,220,45.766332
34.996393,46,46.041687
37.972336,102,46.560439
38.451362,61,47.295619
40.330365,63,47.624573
32.594891,58,47.974976
-38.04,77,48.404482
-35.08,62,48.750802
40.627498,56,49.044192
-38.07,74,49.452015
38.135802,30,49.674308
32.265455,58,50.056158
37.471906,61,50.449325
36.949908,52,50.791983
37.361809,41,51.078509
-35.19,205,51.97916
34.324141,66,52.391706
37.557339,70,52.831011
35.797149,67,53.16717
32.207692,99,53.710596
35.56899,61,54.108611
-42.05,46,54.395224
35.100952,52,54.734495
-32.58,68,55.135144
-32.22,71,55.508572
32.411765,47,55.854577
-33.0,93,56.318259
32.487085,132,57.010396
46.091,48,57.327396
38.35436,61,57.660432
34.953498,49,58.045832
-32.31,58,58.361216
-35.31,63,58.709908
-32.28,55,59.067255
32.082759,51,59.38764
44.417652,46,59.69011
34.958799,48,60.020854
-34.71,58,60.380887
-35.1,81,61.408256
-32.85,69,61.820496
-34.75,89,62.264085
-32.22,58,62.578271
32.763975,61,62.939737
40.891601,42,63.207109
35.561837,46,63.483446
36.932686,56,63.795011
35.221818,73,64.240519
35.468635,46,64.54208
37.471464,45,64.807689
34.137833,44,65.061857
34.744399,82,65.48974
42.371583,43,65.789981
-32.45,37,66.042618
-37.33,64,66.661288
37.782222,39,67.21441
39.390175,59,68.081955
32.828326,41,68.667273
44.393054,40,69.231167
43.081355,39,69.817838
34.860769,40,70.409313
35.41723,84,71.551099
33.0,73,72.500979
-42.57,70,73.455391
43.552299,41,74.024644
37.902677,77,75.033494
-32.2,50,75.729215
38.553085,38,76.250469
35.502075,33,76.724779
-33.0,81,77.779328
35.153752,95,79.026893
35.525862,41,79.607199
-40.07,60,80.363736
35.804878,48,81.029665
43.89987,38,81.576032
40.112209,49,82.223628
-34.99,77,83.268738
-32.26,78,84.287175
32.302721,112,85.729783
32.211538,67,86.620775
-32.67,84,87.703897
35.747331,45,88.325925
41.235517,76,89.511472
32.5,44,90.174919
32.416422,44,90.856797
33.0,50,91.625947
35.003435,111,93.223563
37.704594,49,93.996401
-32.12,41,95.130637
35.523775,45,95.771279
-32.26,65,96.686978
43.432757,26,97.089587
37.764869,49,97.796684
37.514493,44,98.446006
39.718245,47,99.194758
-37.92,58,100.132138
43.509516,39,100.775497
35.337539,71,101.888463
34.815544,36,102.463033
35.033987,56,103.31136
32.937931,107,104.805974
37.318246,55,105.777422
-32.75,61,106.689849
36.0,75,107.835457
-32.44,58,108.706007
37.788625,68,109.767014
40.369598,38,110.355037
35.666667,67,111.347422
37.569625,46,112.072368
-38.15,51,112.840754
-35.74,135,114.779604
-34.9,93,116.132902
32.148649,46,116.960363
-37.7,69,117.958448
-35.76,77,119.125982
32.940945,67,120.163261
38.02773,37,120.728317
36.0,47,121.440181
-32.49,39,122.074209
-32.13,58,122.96261
43.322908,41,123.649198
-39.67,54,124.465733
-34.81,82,125.775285
38.362834,37,126.443887
33.0,55,127.35989
35.036437,41,128.039664
40.545313,35,128.734773
32.255034,70,129.795008
-40.58,39,130.414194
37.030419,54,131.239117
35.622641,58,132.122107
39.530438,47,132.849892
39.208664,64,133.799526
-32.24,65,134.775422
43.813224,21,135.152371
-32.74,86,136.557712
37.708131,39,137.236285
40.732822,42,137.931068
-32.4,58,138.801153
32.957704,48,139.524271
38.106769,106,141.130803
41.830571,44,141.915182
35.340164,45,142.605599
36.699589,51,143.367574
38.387622,97,144.883059
34.880456,42,145.56186
32.509579,92,147.087481
43.373817,52,147.871134
-32.68,64,148.834481
35.882129,47,149.553352
37.715551,50,151.163856
-32.38,51,152.027948
42.701155,37,152.62058
32.212,66,153.677908
-32.71,78,155.010021
-33.0,125,156.880882
32.197183,81,158.158759
-32.84,68,159.232105
38.410924,52,160.015657
38.346205,38,160.59751
40.452734,82,161.764556
37.061883,52,162.527652
33.0,58,163.513783
-39.83,58,164.423908
-37.2,68,165.566635
33.0,56,166.420147
42.725249,46,167.113874
32.870629,60,168.077734
40.180672,44,168.867746
-35.77,54,169.692455
35.322266,42,170.319198
37.802735,78,171.428332
-32.47,64,172.398817
38.048616,47,173.12757
41.057684,50,173.899038
35.519435,36,174.438159
-35.01,62,175.363279
40.492807,37,175.920221
-32.74,49,176.667127
-32.43,62,177.571877
32.315972,62,178.477931
-40.28,57,179.307041
-33.0,119,181.682352
41.347656,52,182.675761
-32.92,67,183.81021
37.459832,44,184.589812
43.169668,46,185.367924
-34.91,86,186.712819
43.00653,33,187.293601
46.264143,69,188.346127
42.826022,46,189.071921
32.022727,64,190.035345
45.568254,39,190.653608
35.903614,58,191.549186
-39.58,41,192.193008
-32.74,154,194.426183
-32.27,49,195.184536
-35.12,51,195.970624
-34.97,79,197.139432
38.218509,32,197.668074
38.760664,43,198.331015
-32.49,66,199.353686
-32.55,78,200.516809
35.227941,90,201.832975
37.860497,62,202.808083
37.185167,45,203.521968
-32.7,53,204.554501
-38.14,109,206.31779
-33.0,48,207.132475
-33.0,97,208.618919
-40.44,30,209.137051
37.53565,43,209.805361
32.680451,99,211.231448
32.398585,96,212.699105
37.805298,70,213.750224
34.788493,62,214.710597
-36.36,51,215.48682
37.570864,58,216.347044
-32.86,71,217.436734
40.70518,53,218.245925
41.162509,57,219.111763
-38.1,34,220.57857
32.83682,46,221.27682
-32.2,66,222.243533
-32.93,82,223.507013
32.487578,87,224.788471
33.0,59,225.679548
32.115523,44,226.365162
-33.0,64,227.328093
35.380062,50,228.094091
32.388013,46,228.801777
-35.05,58,229.702274
46.93946,24,230.117105
40.664035,44,230.802296
38.23875,129,232.668027
34.800537,39,233.276719
37.554141,78,234.453411
34.895374,45,235.171977
37.340276,79,236.323767
-32.06,40,236.95223
32.202166,90,238.275117
35.330218,56,239.119099
36.0,41,239.757678
35.374444,99,241.219095
34.870065,58,242.097842
32.131274,55,242.956729
35.00996,58,243.837394
39.0,44,244.530796
32.645283,42,245.200949
34.634129,88,246.482711
-35.29,82,247.708803
-35.06,80,248.890178
-37.63,81,250.112147
37.779054,54,250.925982
34.805762,60,251.826893
38.439404,35,252.400639
-40.79,34,252.949123
35.69112,62,253.870646
-32.78,49,254.611982
-32.9,75,255.759233
40.092277,49,256.539547
44.521946,54,257.371734
-34.36,53,258.19105
37.212219,51,258.97624
-37.74,45,259.718955
32.248276,44,260.418133
32.173077,50,261.185431
34.519812,54,262.014329
40.783892,40,262.704932
39.954388,62,263.745474
41.349823,51,264.595817
42.890105,34,265.194464
37.166633,58,266.212724
-32.99,66,267.388867
41.25004,37,268.144935
38.145299,41,268.900227
32.643478,54,269.7674
37.332897,35,270.361065
35.710037,55,271.209205
-32.5,59,272.113456
-32.51,49,272.895913
34.511907,60,273.815773
37.845253,36,274.39916
-37.66,47,275.110938
-32.57,80,276.278918
32.003802,62,277.275295
32.530466,41,277.912815
41.429484,41,278.56337
-32.58,58,279.416433
34.623877,35,280.000255
38.651964,52,280.802794
32.975862,74,281.923214
-32.56,44,282.625076
41.187158,114,284.286529
-35.28,78,285.458206
34.936656,55,286.305334
40.325303,37,286.900397
34.384456,54,287.77816
32.140426,46,288.473085
38.172269,70,289.518489
38.489173,61,290.4585
32.149533,55,291.289708
35.374517,58,292.173493
-35.43,57,293.080599
-32.15,55,293.924591
-35.06,64,294.904135
-37.43,97,296.36213
-34.94,50,297.135064
-34.89,97,298.555754
35.509233,57,299.438659
40.699158,50,300.19908
32.939577,130,302.096175
33.0,66,303.106614
38.596154,44,303.811998
32.822742,43,305.585806
35.634981,66,306.560737
39.633517,40,307.221146
34.979333,57,308.096453
37.392457,80,309.267742
40.878838,31,309.786404
38.814685,22,310.175071
38.48996,41,310.83672
40.544353,41,311.497118
-37.79,80,312.765629
39.798771,44,313.460775
40.778102,51,314.230053
34.627112,72,315.333245
32.472222,86,316.604122
-37.53,48,317.378438
42.118748,60,318.306869
40.754225,47,319.042956
40.90074,34,319.597723
34.70171,58,320.498721
35.4598,55,321.348481
-32.31,40,321.979374
38.156586,55,322.866175
-35.06,47,323.601242
34.852224,99,325.076992
-40.24,51,325.868216
43.118413,23,326.274003
-32.07,58,327.214591
38.685169,78,328.407935
-41.07,46,329.145872
-32.88,53,330.033792
32.893536,42,331.012646
40.843838,54,332.032618
-33.0,103,333.661541
37.505233,47,334.430953
-34.95,63,335.417105
37.415698,70,336.519803
-32.65,52,337.336508
34.816849,81,338.554514
42.604018,45,339.25702
35.226562,49,340.021108
-32.39,79,341.223849
-34.82,51,342.021118
38.012334,59,342.942694
-34.6,57,343.852919
37.327979,47,344.576955
41.215266,46,345.29101
45.282333,40,345.931152
41.308641,55,346.798972
35.23587,59,347.702189
-37.91,56,348.594013
-34.95,70,349.654502
38.655319,30,350.155658
32.885093,86,351.45692
40.531032,51,352.251423
32.763838,76,353.378001
32.872852,146,355.580476
37.418331,51,356.372278
34.977685,44,357.045476
34.819327,65,358.021225
-38.03,51,358.832858
32.163498,70,359.87049
32.682984,65,360.867028
38.248826,33,361.414442
39.430209,69,362.437407
36.501631,90,363.79114
-32.09,62,364.752502
37.926219,30,365.240536
-33.0,122,367.043117
-38.47,49,367.796803
32.552727,55,368.645128
32.697749,49,369.421081
44.678525,31,369.937498
38.002298,48,370.681608
38.60055,64,371.646076
35.509677,58,372.556905
-35.3,55,373.40543
-34.98,76,374.567151
32.740741,54,375.403255
32.5,30,375.89693
39.762723,34,376.450874
35.702624,39,377.108966
33.0,57,377.970905
38.053647,45,378.672112
-35.68,63,379.628774
-35.63,137,381.673258
-32.17,70,382.75769
37.581698,67,383.7781
-32.65,78,384.981155
40.80355,68,386.013224
-35.04,71,387.139514
37.892895,41,387.809182
40.022343,37,388.424024
-32.54,99,390.459272
32.928793,79,391.785155
39.971129,47,392.532095
45.460954,44,393.326172
-32.35,65,394.435037
-35.46,74,395.533932
43.571901,35,396.12847
36.655704,71,397.221869
-33.0,65,398.208298
41.05258,56,399.081166
41.205375,36,399.676482
44.283341,73,400.790585
38.082019,40,401.457294
40.649604,84,402.70071
33.0,47,403.441935
-32.4,52,404.276048
35.654618,76,405.444908
35.708185,54,406.307193
37.30683,90,407.624279
38.045783,42,408.296412
38.070169,42,408.99176
35.95572,133,412.376081
39.998604,45,413.106379
37.329896,50,413.899339
40.538553,77,415.10306
-35.61,71,416.178402
35.706784,59,417.06934
42.172986,66,418.09582
32.72028,57,418.968551
-32.24,76,420.139551
32.178439,56,420.996317
37.621897,40,421.642542
34.361729,76,422.811118
-37.43,50,423.592547
-32.08,83,424.856998
43.058872,47,425.617281
32.614865,56,426.48403
35.261194,46,427.195257
-38.38,105,428.745758
44.193609,37,429.360928
37.503467,36,429.944509
32.640741,59,430.864951
34.495065,61,431.805386
-35.4,46,432.549234
32.588235,68,433.620891
-30.0,50,434.386013
32.272358,74,435.534259
35.074074,30,436.054852
38.903361,34,436.612332
37.925359,31,437.121748
40.637226,66,438.13096
35.52,56,439.012066
37.044989,64,439.997394
35.888889,128,441.902649
-32.85,50,442.695112
-32.81,43,443.435212
32.845283,54,444.271854
40.741017,51,445.085654
38.718876,47,445.897319
32.876866,50,446.702983
32.61194,65,447.776239
35.343558,45,448.747557
-32.62,48,449.614977
35.765799,50,450.421981
-32.46,52,451.325613
38.372335,39,452.002822
38.080292,67,453.141803
35.586538,50,454.138932
-36.99,37,454.892257
37.295687,53,455.929076
37.48307,48,456.860195
37.600791,67,458.359952
-43.45,28,458.870885
43.564365,28,459.363871
34.549843,71,460.415322
37.827443,40,461.067512
39.596982,62,461.995522
41.329194,27,462.464142
-39.92,49,463.232492
-34.96,85,464.50787
36.0,37,465.113277
32.076655,66,466.147553
40.669678,57,467.041538
-32.04,64,467.989048
-34.86,51,469.006973
40.56372,47,469.740454
40.047403,63,470.916723
40.130367,46,471.657487
35.841509,61,472.687876
32.106452,49,473.500889
35.825623,110,475.611992
32.795539,59,476.717199
-32.8,43,477.443935
-32.11,47,478.238785
-33.0,105,479.873941
42.590346,48,480.644953
35.386364,47,481.391076
-37.35,34,481.95564
38.831063,34,482.551674
38.200464,32,483.093781
42.600583,34,483.664736
34.558445,56,484.542402
32.813492,87,485.93173
32.201923,95,487.404816
35.257692,68,488.460781
32.114068,37,489.07561
37.7635,45,489.789335
45.853071,32,490.337839
37.093255,70,491.46112
33.0,51,492.264685
-38.17,45,493.012606
-30.0,47,493.755083
35.312268,43,494.437521
41.860127,29,494.956468
37.801811,51,495.778963
32.317269,70,496.866234
38.024563,77,498.016442
-32.65,69,499.093857
39.873154,40,499.741635
40.881455,33,500.294026
35.655556,58,501.221391
43.931092,23,501.627316
43.027971,35,502.205985
40.550935,33,502.756317
-33.0,38,503.368281
37.968388,39,504.020047
41.398974,33,504.551039
32.511719,94,505.984191
40.458291,47,506.748965
40.558559,44,507.462442
35.805556,50,508.248732
-32.75,71,509.378443
32.31295,64,510.365462
41.112972,57,511.267145
-32.32,41,511.940184
32.125874,75,513.092896
-32.01,90,514.428946
32.326389,53,515.25771
-32.44,53,516.094279
37.626482,56,516.967634
38.524267,67,517.988163
-32.52,59,518.892648
38.226519,49,519.67579
45.112474,33,520.231078
32.535433,70,521.317752
38.408323,49,522.107686
34.89344,58,523.018937
-32.94,48,523.778541
35.556667,109,525.452742
38.226562,47,526.19888
43.917269,48,526.968979
40.477653,74,528.117759
-32.69,54,528.961303
35.151563,69,530.030568
38.203636,38,530.645875
-35.0,73,531.75835
43.950355,36,532.404548
-37.15,57,533.307454
43.87286,49,534.087759
37.811244,63,535.382948
-32.63,63,536.561382
34.936244,59,537.483322
42.594081,59,538.420911
34.818651,56,539.316766
32.641026,102,540.851845
44.015603,46,541.588069
-32.23,52,542.412311
-35.97,57,543.326811
35.369236,39,543.956486
40.027904,51,544.735365
37.557413,74,545.865778
33.0,49,546.639727
-32.71,41,547.294381
33.0,31,549.577935
37.975184,48,550.356532
-37.13,60,551.27236
-32.34,105,552.824892
35.224223,49,553.597767
35.94702,41,554.253794
37.552995,49,555.029417
38.448676,36,555.617774
-34.43,59,556.620751
41.834659,59,557.53147
40.629053,52,558.345003
34.980735,74,559.488857
-35.48,102,561.066679
-34.46,83,562.323806
-32.49,53,563.157061
37.601382,66,564.186623
37.651558,59,565.102078
41.17116,33,565.651097
-35.1,81,566.93116
38.294756,89,568.27303
34.949537,46,569.05114
36.573313,65,570.070949
35.239156,56,570.946553
32.323887,64,571.943616
35.444444,46,572.676992
-35.27,34,573.25142
38.722076,43,573.931268
-33.0,85,575.228407
-35.19,63,576.236807
-38.95,119,578.043839
43.946883,46,578.793646
32.608,65,579.785175
-36.98,53,580.621224
42.277203,44,581.317713
46.580628,30,581.843848
43.865578,34,582.399374
-33.0,68,583.444976
32.265027,88,584.790421
34.418714,39,585.416668
39.0,42,586.089896
38.034836,52,586.932044
37.212996,44,587.63949
-32.97,60,588.683655
-32.29,44,589.626156
-32.95,62,590.794282
39.878385,46,591.575245
38.027237,48,592.341223
35.625,46,593.120994
37.708155,40,593.77346
-37.25,89,595.223155
41.102677,34,595.801549
32.330798,42,596.500346
32.089219,50,597.284081
43.026195,52,598.143031
43.376005,49,598.927667
32.739623,54,599.786621
-38.13,58,600.708546
32.088353,69,601.764865
35.417689,75,602.902779
40.218075,59,603.844475
-34.76,62,604.814161
32.089655,63,605.795567
41.038801,28,606.285735
40.039326,44,607.012569
40.282939,49,607.776334
32.472727,45,608.530963
32.530864,54,609.376529
42.982472,29,609.869749
32.579767,70,610.931848
-34.57,93,612.364431
35.161642,63,613.332854
35.074195,53,614.19389
35.545324,100,615.665147
37.68318,64,616.763788
40.606295,58,617.662779
-32.23,42,618.348556
-40.19,57,619.271144
35.132574,73,620.384389
-32.33,82,621.698057
35.511332,58,622.592555
35.532468,42,623.274352
-34.74,43,623.960917
-39.14,38,624.59794
40.765455,33,625.139861
43.75333,36,625.732744
35.445804,60,626.681226
37.805236,36,627.318624
32.174468,49,628.161568
35.758096,54,629.005422
40.995576,62,630.222483
-32.18,52,631.22729
35.32651,61,632.188766
37.491301,49,633.000668
41.384707,57,633.966032
32.38835,59,634.884183
37.546871,58,635.816597
37.746499,103,637.408569
44.562106,35,638.02976
34.851954,60,638.975175
36.0,59,639.897646
32.490775,107,641.542768
32.31044,55,642.39397
40.818769,50,643.221682
37.809736,36,643.803712
35.05901,67,644.836589
-32.31,61,645.817845
-38.31,66,646.84712
-37.04,28,647.336092
-32.39,50,648.116914
41.001453,59,649.0834
35.776952,46,649.821481
36.0,55,650.680748
37.956349,50,651.488749
40.730394,86,652.796223
32.160326,38,653.405549
-32.17,37,654.047294
-33.0,55,654.902855
37.440974,65,655.926425
38.920163,36,656.554928
38.912773,37,657.175951
-34.72,42,657.86351
-32.97,78,659.053283
44.167086,26,659.534121
37.995933,39,660.168691
32.375862,94,661.603155
-32.21,67,662.670683
45.262861,47,663.443208
34.599351,64,664.530643
32.216867,42,665.258697
35.607018,37,665.868835
32.22093,64,666.97155
35.759036,37,667.59552
37.140752,44,668.302259
32.50134,41,668.973311
36.427825,72,670.069917
-34.72,60,671.01998
40.415896,27,671.481637
-35.34,74,672.624853
41.2535,45,673.374525
45.74483,33,673.919864
37.442666,43,674.628595
-34.84,64,675.614154
38.580128,42,676.321616
-35.0,69,677.429135
32.902985,48,678.198397
-32.94,68,679.278448
-35.36,36,679.875916
35.763689,56,680.759066
35.454018,51,681.602648
-37.37,49,682.387583
37.391084,61,683.334151
40.42471,39,683.9988
32.359375,47,684.790263
33.0,51,685.600978
37.619039,69,686.705127
38.739726,34,687.29405
40.91438,51,688.11864
35.361789,26,688.580617
37.403919,46,689.360127
38.174242,35,689.972791
32.428058,63,691.037095
39.77598,62,692.326907
-37.5,56,693.441281
-32.36,64,694.503952
38.33066,49,695.313656
38.073396,29,695.820721
41.604621,31,696.375206
33.0,41,697.044772
42.579833,37,697.718736
35.029915,51,698.526844
40.584032,30,699.041188
37.327139,37,699.67723
38.111934,116,701.44628
35.733888,38,702.065893
37.782669,52,702.929402
38.151288,27,703.396937
33.0,54,704.27194
43.139216,34,704.846552
38.695609,45,705.596123
46.260748,36,706.188676
32.533019,50,706.997459
43.279023,38,707.63782
39.917898,35,708.241611
32.083744,57,709.151037
46.802314,26,709.644703
43.463692,32,710.192948
38.683398,37,710.803257
39.8549,45,711.550817
38.683168,30,712.066914
-32.29,42,712.760633
43.000327,28,713.240689
41.430147,30,713.750068
35.625397,60,714.705426
41.643044,54,715.554364
32.558233,97,717.039782
-35.17,50,717.846634
-32.88,82,721.294901
40.925402,33,721.8527
43.969594,54,722.753881
32.728863,70,723.860085
41.883534,52,724.758853
-32.64,57,725.727942
-32.33,42,726.414234
32.715302,46,727.186332
40.775962,43,727.913529
32.576512,39,728.544884
-32.08,42,729.239192
40.239358,73,730.381838
32.815789,41,731.048298
35.109382,49,731.834606
32.003846,155,734.144441
38.140529,64,735.172429
-35.75,122,737.005764
-35.4,59,737.989717
38.386719,37,738.610787
-32.15,69,739.693519
43.430067,37,740.292785
32.174545,64,741.285325
34.685239,73,742.428753
41.176518,52,743.285148
39.693298,43,743.97685
-34.82,48,744.749478
-39.3,42,745.463299
35.018233,40,746.118968
-38.7,53,746.958974
35.439775,67,748.056592
40.531151,43,748.743854
44.221474,30,749.246839
-32.07,47,749.991541
37.856774,46,750.767349
38.01629,58,751.766168
40.215676,60,752.709666
35.640976,82,754.400437
35.348315,36,755.035985
40.593651,37,755.687798
43.543828,47,756.453075
-32.78,100,758.068703
38.106498,63,759.07292
-33.0,89,760.413331
30.0,48,761.201396
38.171699,42,761.879849
38.191057,42,762.551646
-36.95,57,763.47263
46.876648,31,764.012911
-32.62,39,764.656188
-32.91,71,765.781614
-32.64,63,766.77255
35.427211,63,767.762756
34.179035,54,768.649495
40.522423,36,769.262794
34.341449,31,769.79417
32.993808,98,771.341402
-36.0,100,772.867744
40.381672,44,773.571001
37.57226,59,774.522986
-34.59,55,775.401467
33.0,46,776.148626
43.970651,53,777.011022
40.683977,50,777.811363
38.784091,38,778.444414
40.323049,39,779.100068
35.05364,78,780.29847
40.421628,48,781.073779
32.763033,73,782.215597
38.167099,51,783.069617
-38.14,51,783.87788
43.494424,35,784.456807
36.563019,48,785.255417
-35.08,56,786.137804
35.931604,40,786.82431
43.794332,41,787.508424
46.665591,24,787.956309
39.386864,63,788.934894
40.428013,78,790.126405
-32.8,55,791.025007
-32.42,83,792.303651
-35.76,103,793.887753
38.253036,57,794.810068
43.430871,79,796.072633
32.839744,113,797.856992
-35.56,76,799.09262
34.845957,50,799.89712
31.0,81,801.180251
36.0,42,801.872988
35.269231,73,803.003798
34.821907,49,803.780783
40.819749,23,804.212242
42.828715,54,805.081907
35.109966,45,805.805195
-32.63,58,806.740384
-35.11,51,807.577408
38.282407,32,808.112952
35.711712,49,808.956141
40.687434,50,809.758378
32.650794,65,810.789077
-34.99,48,811.633451
36.0,46,812.369777
35.324149,80,813.743234
-34.62,49,814.76021
34.676913,62,815.942094
37.723678,52,816.792934
46.125458,24,817.231713
32.648094,36,817.865092
43.943312,37,818.551525
32.202797,50,819.356716
39.0,27,819.811152
-33.0,85,821.154472
35.569853,40,821.8032
32.48,58,822.715844
38.320276,51,823.557564
37.538051,35,824.145489
-34.42,61,825.118706
37.500992,54,826.012973
41.211934,37,826.629868
43.617549,50,827.428335
32.96587,122,829.316416
-35.29,59,830.246177
-32.22,45,831.003425
46.736211,26,831.46769
-35.06,65,832.517271
32.466667,40,833.177901
42.291506,47,833.951435
-32.92,54,834.818424
41.462963,41,835.502924
33.0,83,836.813144
35.554945,36,837.400292
37.06864,47,838.165621
-32.51,56,839.10273
44.427863,35,839.689149
-33.0,55,840.549092
35.447735,41,841.216288
-32.11,81,842.490722
32.766892,48,843.292018
41.036211,46,844.025238
-35.69,60,845.019967
35.210117,107,846.666767
42.237329,40,847.350005
40.507427,27,847.828559
-32.58,55,848.716862
-32.76,38,849.352853
38.057221,42,850.081404
34.877538,51,850.910012
-34.86,41,851.573761
-34.39,54,852.439718
-33.0,83,853.710208
39.752567,32,854.254395
-32.98,93,855.741224
34.819587,39,856.400757
35.590744,67,857.439894
-32.73,67,858.51366
33.0,76,859.710409
39.788805,53,860.588501
35.16882,59,861.54948
39.99545,49,862.343304
-32.96,68,863.428181
32.512456,46,864.163397
-30.0,56,865.060291
43.371177,47,865.837031
33.0,43,866.537635
38.214844,55,867.464875
46.274964,36,868.140194
38.008174,52,868.965339
32.613793,58,869.954881
-33.0,58,870.974753
40.044472,46,871.973251
33.0,71,873.164424
37.529928,46,873.98258
-32.69,53,874.838788
43.457572,23,875.269585
40.91272,39,875.924455
35.145669,43,876.649799
46.401393,76,877.858701
44.343675,50,878.691003
35.16751,43,879.445883
42.95589,28,879.944657
35.785714,72,881.101439
32.700855,63,882.105942
32.647287,47,882.872585
35.539249,75,884.037832
-32.86,81,885.304176
41.65169,55,886.176587
-38.21,44,886.882891
32.328358,71,888.017063
-35.79,64,889.070688
32.75,52,889.913807
-30.0,35,890.523999
41.209997,28,891.00979
35.046756,56,891.891733
38.39288,61,892.904992
-32.33,38,893.547683
37.414235,41,894.218743
33.0,74,895.3628
32.028269,71,896.531954
-32.16,47,897.28863
42.605813,49,898.084181
38.084337,35,898.680646
34.985468,44,899.392123
43.962058,45,900.116553
34.497978,45,900.848402
43.955298,54,901.713995
40.517986,45,902.454185
34.510117,47,903.210549
38.706081,48,904.00623
41.997258,34,904.584285
-32.54,68,905.671389
35.921622,50,906.489885
39.981432,39,907.166684
34.568094,51,907.986387
32.507075,41,908.647294
38.088644,52,909.492998
35.570312,73,910.618693
47.280156,29,911.121062
38.44722,75,912.284055
44.870507,37,912.895922
40.861325,70,913.989758
33.0,42,914.702517
-34.93,64,915.708404
39.307748,42,916.418737
39.542753,55,917.302723
34.83,65,918.351291
-34.4,81,919.656676
-38.76,68,920.753438
-32.21,110,922.705765
32.68546,77,924.180233
41.549134,36,924.78094
45.659276,40,925.461615
38.126357,40,926.145878
41.217448,54,927.117444
37.918671,65,928.189687
40.072657,47,929.007569
-35.63,42,929.704678
42.276693,48,930.49624
-36.0,65,934.183007
38.468248,32,934.740594
35.560748,71,935.819044
46.113786,25,936.266952
35.599497,130,938.263453
32.788396,53,939.161806
43.336749,44,939.900536
32.271127,85,941.23444
40.965649,59,942.224037
35.235294,46,942.971526
38.12526,37,943.597912
41.085666,47,944.383084
-36.59,40,945.05079
32.571429,77,946.23798
-32.76,53,947.118314
41.107476,38,947.746037
38.138337,34,948.341492
35.529851,46,949.078598
37.858278,78,950.343767
34.854506,40,951.000764
43.613647,42,951.68566
35.460491,69,952.801518
-32.03,70,953.908627
-32.91,64,954.946274
-33.0,61,955.896839
36.719079,39,956.537232
43.87814,44,957.278481
34.797751,72,958.467392
32.729167,137,960.667958
38.838428,39,961.323754
-33.0,61,962.298059
33.0,40,962.987682
-32.98,64,964.000328
40.952528,46,964.737609
-32.82,49,965.544946
37.315363,42,966.220636
-32.31,67,967.352686
34.716325,49,968.234919
43.066591,48,969.093609
-34.15,56,970.031131
35.393701,75,971.280412
33.0,66,972.377186
43.915941,37,973.039823
-32.01,42,973.837024
37.721113,56,975.041344
-32.51,65,976.344893
-33.0,50,977.370499
-40.04,68,978.570216
40.164121,39,979.263406
-32.36,53,980.235966
40.273768,35,980.937955
32.80303,45,981.72132
-32.73,91,983.150298
38.078606,46,983.960608
37.986767,48,984.778922
36.0,39,985.459311
30.0,65,986.508704
-32.88,146,988.919612
34.177412,45,989.67133
32.487738,43,990.400645
32.032836,72,991.614587
35.044715,36,992.307739
35.511719,77,993.757502
35.248638,53,994.871876
-32.7,87,996.36776
40.478239,64,997.409889
-32.73,69,998.577302
46.85563,41,999.283516
45.864664,46,1000.090515
-37.53,56,1001.043714
-36.0,134,1003.179536
37.459278,30,1003.703769
-32.84,41,1004.418535
-32.62,48,1005.202364
37.172959,36,1005.817716
41.146732,49,1006.644579
34.597231,88,1008.042058
32.520548,44,1008.771093
38.193723,55,1009.796409
-32.81,90,1011.251424
35.442848,54,1012.149645
35.240157,42,1012.846283
38.344831,32,1013.399179
-32.52,93,1014.858551
32.547794,47,1015.610161
-33.0,67,1016.642686
-32.94,103,1018.266677
32.454545,83,1019.593677
32.119534,61,1020.615611
33.0,41,1021.296835
-32.46,55,1022.178384
40.048731,97,1023.708292
40.879261,46,1024.465022
37.633513,80,1025.787577
37.531993,62,1026.932385
-35.1,85,1028.362197
-33.0,65,1029.415005
35.299346,52,1030.244488
44.016944,29,1030.788502
46.71459,21,1031.189163
38.15124,47,1031.948255
35.667897,60,1032.899134
32.481366,38,1033.563608
35.181818,57,1034.472255
-34.72,83,1035.776966
35.766892,63,1036.82132
-35.71,87,1038.185532
32.021459,81,1039.514041
-33.0,124,1041.460815
32.447471,56,1042.354738
-32.01,57,1043.275119
35.599278,103,1044.965466
38.295682,41,1045.654559
-32.59,65,1046.733928
44.152941,45,1047.496493
38.316245,42,1048.188146
35.02423,49,1049.006092
-32.64,93,1050.439953
37.291029,40,1051.105101
42.777658,29,1051.620949
41.823729,25,1052.122049
43.989048,51,1053.034563
-38.1,56,1053.935188
39.514728,58,1054.893832
32.133106,50,1055.832124
46.567132,42,1056.713304
43.427682,36,1057.540356
32.652778,69,1058.943857
34.452595,64,1060.267657
34.496505,95,1062.213008
32.423841,49,1063.159453
35.208791,62,1064.337475
-35.31,53,1065.21256
38.533981,28,1065.709932
33.0,71,1066.868445
-38.33,78,1068.149785
43.286541,35,1068.763793
32.441281,87,1070.159346
35.674419,42,1070.87242
35.187739,42,1071.588421
-32.29,80,1072.900293
-35.59,50,1073.719042
-35.06,63,1074.74931
40.650381,44,1075.497373
41.180769,30,1076.036115
35.39755,52,1076.876024
38.744801,37,1077.506129
32.098814,37,1078.17502
32.313793,49,1078.981938
37.636136,81,1080.297347
35.532819,46,1081.094
44.223066,45,1081.867642
39.877407,25,1082.324321
38.390244,43,1083.06675
40.199316,61,1084.058118
40.652032,44,1084.812122
41.645946,35,1085.413106
43.811102,37,1086.077645
35.457337,43,1086.805185
38.759322,34,1087.385666
34.598987,78,1088.657447
-35.1,54,1089.541557
35.080443,90,1090.986602
-35.04,42,1091.713674
33.0,36,1092.333645
43.393955,49,1093.161054
-36.9,50,1094.016318
32.610329,43,1094.735454
35.408617,33,1095.310889
46.009488,35,1095.905541
38.877149,39,1096.614294
-32.59,75,1097.825595
-36.0,97,1099.326195
-33.0,74,1100.533668
-32.87,37,1101.16508
32.97205,121,1103.10081
42.549181,52,1103.945978
40.467279,49,1104.758516
37.890199,53,1105.642409
35.833333,39,1106.308605
38.890845,37,1106.963249
32.41637,87,1108.35212
37.814216,54,1109.2377
-32.08,84,1110.578129
-32.21,63,1111.593983
35.757097,78,1112.895502
35.014545,37,1113.555523
38.241784,57,1114.489955
-32.17,81,1115.845823
-35.31,35,1116.443225
-32.33,49,1117.236119
40.408301,60,1118.205666
34.926983,59,1119.199757
41.343325,28,1119.706176
32.348276,89,1121.157976
41.165517,38,1121.807329
34.499231,121,1123.80326
38.454225,58,1124.743021
40.419517,62,1125.742205
43.092272,48,1126.571927
-35.38,65,1127.612062
32.933673,46,1128.372563
33.0,44,1129.13861
37.432946,63,1130.139369
32.551095,44,1130.979108
38.246947,75,1132.443469
32.027875,50,1133.454794
33.0,55,1134.493749
39.0,33,1135.125297
-32.77,74,1136.251866
34.916582,55,1137.101959
-32.69,68,1138.287287
-35.39,54,1139.344202
40.165518,50,1140.372971
40.350969,54,1141.461904
-33.0,59,1142.5305
39.965128,52,1143.412208
35.05036,54,1144.447787
-32.92,76,1145.723716
38.713115,73,1146.867034
35.693141,79,1148.124275
40.880312,36,1148.74369
-35.39,64,1149.83338
44.125632,36,1150.405828
41.702929,39,1151.038861
-37.88,58,1151.934496
-32.75,47,1152.665481
34.826965,77,1153.836126
44.036362,72,1154.87154
-39.69,52,1155.60177
35.563707,44,1156.346385
40.917949,48,1157.093957
-37.95,41,1157.746679
47.575092,22,1158.127682
38.432262,52,1158.906844
44.336493,29,1159.357768
43.451794,32,1159.849194
44.589928,23,1160.223399
40.300103,28,1160.665253
40.63182,38,1161.282393
41.015512,42,1161.907577
40.828526,23,1162.291375
37.950967,63,1163.21998
40.07085,62,1164.198525
33.0,90,1165.582721
47.426357,15,1165.928081
32.746398,56,1166.869057
39.0,52,1167.824855
-32.35,56,1168.720191
41.75,24,1169.198143
32.456274,59,1170.08576
37.982466,47,1170.774129
-32.52,45,1171.467529
38.655518,98,1173.045668
38.60596,42,1173.755626
35.276119,62,1174.766666
38.280632,45,1175.475446
-34.78,47,1176.219925
43.009019,64,1177.193082
-32.38,72,1178.275469
38.715827,38,1178.879066
40.52348,48,1179.622834
37.96596,66,1180.648826
47.936441,33,1181.183691
32.946667,57,1182.073525
-35.86,102,1183.622596
45.0,32,1184.141812
32.740331,78,1185.291556
41.605839,68,1186.390199
40.391967,52,1187.211826
-32.19,58,1188.068459
43.770967,48,1188.883095
-32.86,67,1189.893582
-35.2,60,1190.857881
-40.65,67,1191.92173
-34.38,66,1192.971026
-32.62,93,1194.270993
-34.85,45,1194.925453
38.525438,51,1195.682409
38.61745,30,1198.972095
-34.54,63,1199.927035
37.427425,46,1200.648834
35.03125,58,1201.505483
-32.42,46,1202.198077
32.925267,46,1202.920741
33.0,93,1204.233774
32.255973,52,1205.045846
-32.08,42,1205.70624
36.809699,67,1206.634315
47.616034,20,1206.98124
40.831266,55,1207.907063
35.510592,53,1208.731625
32.071174,45,1209.437359
-35.22,115,1211.232819
41.75265,36,1211.79955
43.576983,30,1212.221025
32.251799,60,1213.104633
-41.05,90,1214.255218
44.160725,31,1214.689696
35.508753,54,1215.403899
39.0,32,1215.838824
41.9,33,1216.290519
-37.52,74,1217.188307
40.517331,48,1217.79433
38.358511,40,1218.375921
40.879104,34,1218.839599
-40.18,73,1219.72859
37.301313,52,1220.398173
38.309764,37,1220.91317
-34.89,104,1222.145447
38.422481,44,1222.745264
43.57416,29,1223.154959
-32.67,71,1224.00403
-32.47,41,1224.528016
34.808942,28,1224.931052
40.572663,62,1225.710446
37.751457,40,1226.221454
-32.08,66,1227.030265
-33.0,92,1228.13616
44.065891,20,1228.442625
34.834862,42,1228.992589
-32.47,128,1230.481443
40.992374,28,1230.870379
37.610946,71,1231.746433
32.503876,137,1233.638884
34.85772,54,1234.294277
38.762821,42,1234.862614
43.865866,43,1235.495898
-32.23,50,1236.162387
-32.2,46,1236.757881
-37.99,49,1237.397386
32.358268,90,1238.462299
30.0,57,1239.173979
-32.35,63,1239.965919
35.066946,52,1240.648731
-32.63,58,1241.350664
37.875163,54,1242.015659
32.448669,86,1243.097397
43.598545,54,1243.790642
35.493333,46,1244.411064
43.221703,49,1245.05953
-39.04,67,1245.867241
32.234899,45,1246.427399
41.18894,53,1247.087852
-34.39,48,1247.706373
-32.38,56,1248.401517
38.380139,31,1248.826591
40.739155,41,1249.357256
-32.33,64,1250.162011
-32.33,63,1250.957458
-35.53,54,1251.619549
41.418519,32,1252.054482
32.548822,46,1252.662447
38.300613,76,1253.586401
32.487085,51,1254.222195
43.876525,43,1254.785003
32.393574,74,1255.693202
-35.5,48,1256.288268
44.260957,21,1256.606078
-42.22,46,1257.193303
-34.56,54,1257.878083
32.438356,119,1259.329644
35.293233,46,1259.935867
32.128906,57,1260.653092
-32.66,60,1261.42087
37.566017,40,1261.954472
-32.95,47,1262.593655
-34.31,42,1263.168339
-37.34,55,1263.897043
-37.9,130,1265.583526
35.189922,50,1266.24879
35.113628,43,1266.83669
47.736434,15,1267.085512
35.385906,49,1267.732657
32.292683,50,1268.459456
32.785235,85,1269.627742
43.86774,19,1269.932578
44.409283,21,1270.242679
-40.81,70,1271.147501
48.0,19,1271.482407
-32.53,54,1272.179716
39.445496,38,1272.743611
32.680147,48,1273.422108
44.748193,29,1273.858799
33.0,71,1274.796703
38.696319,76,1275.995151
32.229572,47,1276.717488
39.798865,42,1277.291728
33.0,58,1278.135024
40.772541,38,1278.649118
41.695804,30,1279.111961
40.473614,59,1279.955532
38.029721,72,1280.978459
-32.46,42,1281.662866
-32.27,74,1282.739666
-35.75,62,1283.70571
32.288136,31,1284.198716
46.313385,29,1284.665018
38.043379,43,1285.390555
-32.06,69,1286.434522
32.35743,71,1287.55582
32.319853,58,1288.393087
38.953923,58,1289.294654
32.259124,39,1289.871942
41.017818,35,1290.433376
34.82254,66,1291.359628
35.517361,70,1292.332276
34.621656,43,1292.986718
36.0,44,1293.658369
36.0,45,1294.316277
40.888568,76,1295.485656
38.136826,50,1296.281078
43.183405,20,1296.672525
32.145522,96,1298.129174
39.0,58,1299.0412
-33.0,83,1300.296003
35.878595,63,1301.254629
-35.73,55,1302.044338
38.546875,31,1302.525216
43.362767,36,1303.090918
32.856618,55,1303.936343
39.614349,65,1304.879833
-32.04,60,1305.718621
-32.71,35,1306.265365
35.341549,44,1306.900334
40.046743,39,1307.496592
-33.0,93,1308.776507
-32.16,57,1309.570276
37.736109,62,1310.432972
-32.27,61,1311.289856
35.252627,95,1312.709595
38.462823,33,1313.218566
41.221124,47,1313.932891
-35.49,74,1314.927033
43.519806,27,1315.357577
-32.66,34,1315.865797
-33.0,123,1317.473529
-35.03,36,1318.015215
43.740696,29,1318.461913
44.457018,62,1319.333261
38.039025,47,1320.063571
-32.7,75,1321.499953
40.469502,42,1322.233361
-35.21,49,1323.181803
40.051573,42,1323.851827
-32.35,28,1324.237177
33.0,60,1325.0518
34.901977,51,1325.81007
39.248658,46,1326.460416
37.455818,99,1327.923116
37.804615,40,1328.687403
39.661544,45,1329.420846
43.297134,74,1330.423292
32.524476,37,1331.017118
32.654412,70,1332.017364
46.543085,37,1332.59396
40.125949,60,1333.509671
38.163823,42,1334.206554
32.790614,51,1334.933211
-33.0,51,1335.680135
42.0,32,1336.185167
35.654305,73,1337.251581
45.0,14,1337.515088
40.524783,32,1338.042153
-33.0,91,1339.328478
33.0,71,1340.381335
43.741096,57,1341.273172
38.361789,52,1342.060827
32.367403,65,1343.000615
35.815198,49,1343.743667
40.997799,26,1344.354231
40.171602,60,1345.306005
43.317334,62,1346.23479
35.252788,39,1346.810865
35.857664,64,1347.83175
38.470968,35,1348.417759
35.674487,39,1349.096779
37.272466,85,1350.458424
-35.7,69,1351.569784
40.50527,43,1352.300684
41.392058,92,1353.710658
-34.78,46,1354.396304
-32.65,60,1355.228816
35.346719,92,1356.487568
40.85308,91,1357.759459
40.480162,30,1358.202469
40.600007,62,1359.08703
40.82324,33,1359.601862
37.829769,77,1360.672794
-37.65,42,1361.399496
35.2795,35,1361.917743
46.145981,26,1362.349382
-32.94,44,1363.027813
-35.23,47,1363.781734
-32.88,73,1364.835376
32.146718,44,1365.508812
36.0,45,1366.196043
37.744565,32,1366.751355
32.809524,74,1367.794808
32.050847,60,1368.626611
35.026576,58,1369.466953
-33.0,94,1370.725138
-42.55,49,1371.417518
-37.66,44,1372.086085
32.206452,54,1372.891099
35.011538,42,1373.542048
-37.99,30,1374.034868
43.512514,117,1375.710392
41.576438,35,1376.236103
38.717694,87,1377.462284
-37.94,65,1378.348892
-32.95,94,1379.669552
35.299266,50,1380.3921
41.178344,42,1381.027877
32.430034,61,1381.87817
48.0,34,1382.419832
41.266508,46,1383.152277
39.689526,68,1384.129484
-32.73,112,1385.718586
35.680597,55,1386.508936
32.876364,48,1387.212034
33.0,52,1387.988051
-32.63,48,1388.728826
-32.63,109,1390.258348
-37.46,63,1391.197844
-32.04,39,1391.801568
-34.91,51,1392.532265
-34.95,44,1393.163694
-32.01,54,1393.966697
42.0,32,1394.493652
-32.64,50,1395.224473
32.609756,39,1395.828611
40.989997,55,1396.641218
41.291903,33,1397.157825
-32.12,56,1397.97701
34.537487,47,1398.715346
-37.63,47,1399.4554
-32.74,60,1400.354781
32.9,84,1401.58251
-42.16,44,1402.255007
37.982446,53,1403.026206
37.406876,64,1403.977126
32.729167,83,1405.171587
-32.92,59,1405.985448
38.167273,85,1407.230093
41.123405,23,1407.654753
-32.08,60,1408.537291
32.685083,105,1410.053439
40.361888,35,1410.595124
30.0,35,1411.140139
41.089599,35,1411.680711
-35.25,72,1412.95886
-38.16,56,1413.916258
38.477941,33,1414.450665
-37.21,57,1415.4111
39.900929,48,1416.221257
34.177988,54,1417.04067
34.364517,73,1418.23017
-32.02,121,1419.925798
-33.0,63,1420.83445
37.812875,31,1421.314404
37.552324,54,1422.215653
-32.68,75,1423.228038
32.364548,47,1423.920049
32.452128,62,1424.838712
35.015494,81,1425.947604
42.827117,57,1426.789106
35.220859,30,1427.284139
37.391337,48,1427.936148
39.943899,44,1428.504066
41.797508,42,1429.097691
-35.74,42,1429.670505
35.902527,37,1430.184874
35.747365,53,1430.852582
45.564109,40,1431.373881
45.0,45,1431.968042
40.065705,45,1432.573232
-37.56,34,1433.023619
-37.09,62,1433.766569
38.354002,62,1434.530699
39.0,37,1435.0614
36.0,35,1435.528454
-35.83,94,1436.631257
36.657376,75,1437.569774
35.060185,43,1438.1307
41.960432,34,1438.609102
35.448246,40,1439.122609
-32.98,139,1440.734396
35.658273,67,1441.524882
35.933824,50,1442.18323
43.212155,24,1442.558989
-35.24,95,1443.696416
38.691456,49,1444.331721
-32.09,66,1445.184592
40.082636,37,1445.674282
37.325544,57,1446.400173
32.279141,72,1447.299002
-34.78,56,1447.986921
39.394108,38,1448.496341
41.147086,39,1449.029389
-32.23,75,1449.95001
41.204861,37,1450.446912
35.248062,37,1450.934692
35.515748,62,1451.698649
41.262483,40,1452.224534
35.319227,45,1452.797125
-33.0,49,1453.415772
38.121324,69,1454.286138
47.810924,29,1454.70336
41.017857,59,1455.435519
47.163606,48,1456.064779
38.916107,44,1456.629105
47.471111,28,1457.040649
47.017125,36,1457.520886
41.293629,45,1458.103607
-35.4,32,1458.549657
-34.61,64,1459.455725
-32.95,82,1460.473414
38.813056,28,1460.87605
35.146759,51,1461.506055
30.0,37,1461.97896
-34.65,62,1462.768811
47.652934,22,1463.158704
-34.67,71,1464.172599
-33.0,48,1464.805195
38.338409,47,1465.490142
-32.48,48,1466.091473
41.023449,47,1466.71308
-32.87,78,1467.71683
41.100922,24,1468.078634
32.637011,57,1468.854669
32.123016,80,1469.886546
40.08555,44,1470.460183
-32.89,122,1471.94237
-32.05,53,1472.636478
32.870293,65,1473.491056
37.668037,80,1474.512392
32.833935,86,1475.597779
37.2938,51,1476.268557
-32.21,41,1476.818887
38.322835,29,1477.258134
-35.13,35,1481.126709
41.887854,34,1481.598954
-34.85,57,1482.324242
37.356498,74,1483.215223
-32.26,42,1483.75519
32.084112,46,1484.378028
44.590278,23,1484.751816
33.0,50,1485.406022
44.454545,34,1485.878471
43.832098,48,1486.521433
-32.68,71,1487.405314
38.458466,42,1487.992526
44.219383,55,1488.688735
45.772575,95,1489.866318
44.440011,35,1490.3408
35.12963,35,1490.803777
35.721698,46,1491.400795
-32.66,59,1492.174675
38.74359,36,1492.659035
40.85071,33,1493.126118
34.55044,74,1494.058548
-33.0,86,1495.107469
35.969582,127,1496.670113
-32.37,66,1497.530167
47.016694,42,1498.096688
46.684692,50,1498.744513
38.478632,22,1499.066437
38.237226,54,1499.740106
35.029348,47,1500.344412
-35.52,96,1501.503053
-40.04,55,1502.169817
47.1616,27,1502.586036
-32.57,66,1503.419343
37.855906,42,1503.969214
40.341035,29,1504.362661
37.278816,55,1505.089004
-33.0,62,1505.880081
38.248523,39,1506.378856
32.069231,60,1507.145923
32.436364,56,1507.892707
36.0,79,1508.885252
32.616279,52,1509.535804
40.514734,86,1510.559355
35.224626,74,1511.481971
35.845201,50,1512.122536
40.981186,27,1512.521675
40.419129,47,1513.160003
35.053296,51,1513.816992
-41.72,57,1514.581967
-32.2,43,1515.129524
32.75,60,1515.898968
35.592593,40,1516.451255
35.91342,48,1517.064976
-33.0,71,1517.949006
-33.0,54,1518.635505
39.0,30,1519.040162
37.621976,44,1519.620744
36.0,51,1520.318128
35.862595,34,1520.776657
-32.13,55,1521.457707
34.93298,55,1522.145443
33.0,55,1522.8411
-34.7,94,1523.990444
-32.6,100,1525.250666
42.498041,29,1525.692841
45.691543,62,1526.469543
-32.66,75,1527.375777
-35.15,75,1528.325075
46.349735,31,1528.781415
37.014955,41,1529.322654
35.498031,33,1529.782852
38.389655,47,1530.457631
-33.0,66,1531.274041
45.671971,39,1531.813657
32.525568,45,1532.413023
-33.0,86,1533.464743
44.004436,36,1533.945202
35.890909,112,1535.353934
-33.0,102,1536.59219
47.71702,30,1537.002028
38.233577,29,1537.426895
-32.94,75,1538.331284
-36.76,51,1539.001527
-32.52,65,1539.828262
38.465457,49,1540.486065
-33.0,69,1541.372285
45.0,32,1541.824391
33.0,40,1542.38099
-32.24,59,1543.158959
-34.95,47,1543.779748
37.091301,48,1544.404244
-32.61,57,1545.145973
41.288964,47,1545.76417
41.04032,92,1546.903449
32.664122,63,1547.711331
35.063973,47,1548.319552
-32.8,86,1549.414676
-32.72,71,1550.288779
35.727273,27,1550.686433
38.877778,50,1551.315254
-32.73,126,1552.794408
-32.64,166,1554.815599
39.805319,64,1555.612985
-37.88,43,1556.227348
-35.14,44,1556.805567
35.244318,45,1557.377449
-37.8,95,1558.627998
38.170575,43,1559.191155
35.066201,45,1559.7801
38.115282,32,1560.247444
38.63883,59,1560.978053
43.735179,43,1561.530532
40.378663,44,1562.118912
38.190114,45,1562.752464
41.006715,31,1563.180347
-32.23,47,1563.819251
-32.44,67,1564.686652
32.260073,47,1565.274068
39.806619,56,1565.983439
44.084973,37,1566.469687
-32.37,62,1567.253956
-32.18,46,1567.845328
32.279851,39,1568.367518
-32.78,62,1569.21406
35.219776,51,1569.875227
-34.53,32,1570.32609
35.542636,51,1571.006854
38.296029,48,1571.616454
-32.96,45,1572.182681
-35.53,40,1572.704702
41.848375,85,1573.732693
-32.34,58,1574.455835
35.390728,36,1574.932815
-32.91,106,1576.22662
40.297292,47,1576.820744
-35.34,58,1577.518585
36.0,60,1578.268075
33.0,120,1579.694539
36.0,44,1580.290804
41.386029,27,1580.677768
36.0,31,1581.108211
41.902985,57,1581.831923
-34.6,54,1582.510919
-35.12,53,1583.188369
43.664193,38,1583.689897
-33.0,54,1584.415084
40.065152,71,1585.287072
-40.98,53,1586.043898
-33.0,66,1586.865134
-34.6,56,1587.600008
40.962556,35,1588.101207
32.127841,57,1588.860664
35.598929,131,1590.432341
39.0,52,1591.10485
41.337259,33,1591.573279
32.70566,88,1592.620844
36.0,63,1593.444618
-32.3,78,1594.43916
32.549153,62,1595.246881
37.674988,99,1596.465821
-32.39,55,1597.1728
-32.25,52,1597.860177
43.743872,31,1598.284904
41.020833,52,1598.960874
34.985125,43,1599.547306
32.056338,107,1600.802186
41.245902,43,1601.387034
35.794872,49,1601.999223
48.0,30,1602.445806
-35.27,82,1603.498743
32.95,59,1604.256382
-38.74,63,1605.032196
-32.11,58,1605.782095
43.734997,26,1606.167039
34.620886,48,1606.835315
-32.51,74,1607.866923
38.3772,40,1608.390635
-32.35,85,1609.403075
32.634812,77,1610.410162
32.465839,93,1611.702726
35.381376,53,1612.41086
40.285851,78,1613.521034
41.878049,32,1614.028032
-37.3,37,1614.566691
37.731441,81,1615.579339
34.453944,40,1616.097336
-32.35,50,1616.837398
-39.63,28,1617.248185
-32.16,36,1617.77926
32.552901,116,1619.286909
32.592715,51,1619.940799
-32.89,81,1621.000367
-32.9,77,1621.958565
37.89422,43,1622.532706
-32.35,56,1623.27502
40.278929,29,1623.793356
39.0,34,1624.312326
38.170513,46,1624.920038
-32.87,56,1625.607394
40.187998,28,1626.006728
-35.85,47,1626.65681
-40.88,67,1627.613802
-37.4,42,1628.183379
34.296334,82,1629.342591
36.0,26,1629.729402
-33.0,61,1630.525251
38.675676,40,1631.090476
41.130769,38,1631.587729
32.203077,47,1632.18947
-32.36,67,1633.230256
-35.09,88,1634.477686
42.0,96,1635.655437
44.080538,56,1636.355596
38.239945,57,1637.094894
37.571066,65,1638.006592
-40.09,48,1638.729271
44.284332,37,1639.368605
44.338407,45,1640.083436
-35.66,47,1640.755616
-35.37,62,1641.563903
35.807198,38,1642.073156
32.481172,69,1642.958366
32.130612,60,1643.742807
-32.74,72,1644.687268
-38.83,55,1645.410224
32.236052,41,1645.939952
35.727273,36,1646.520236
-34.81,65,1647.400951
34.590971,43,1648.05261
35.482014,31,1648.546299
-32.78,68,1649.458236
-32.67,68,1650.545074
-33.0,74,1651.493909
44.253918,27,1651.884394
34.304954,34,1652.395048
34.985934,73,1653.354425
-35.08,62,1654.218565
38.029205,37,1654.73691
47.877676,43,1655.318706
37.790872,35,1655.894996
38.316982,58,1656.705289
41.454923,34,1657.223648
-32.02,51,1657.937158
35.109756,74,1658.891801
41.417696,68,1659.789891
44.54417,28,1660.210794
-32.53,58,1660.977151
32.055172,46,1661.578696
-32.69,51,1662.264683
40.559028,42,1662.822467
34.885465,68,1663.643903
-35.58,50,1664.325591
32.32,39,1664.854648
37.252981,79,1665.809989
38.293243,28,1666.196764
35.017182,56,1666.951382
44.176894,25,1667.30565
38.484375,48,1667.915513
37.988151,85,1668.956784
-32.27,57,1669.694852
38.407155,32,1670.135237
32.965517,45,1670.714166
-34.38,41,1671.239484
40.463607,39,1671.776512
-32.06,44,1672.338988
-32.37,86,1673.348039
35.172331,63,1674.150734
-38.49,55,1674.853607
32.762846,40,1675.36165
35.573944,68,1676.197508
35.086406,32,1676.666569
-35.1,66,1677.493699
-35.03,54,1678.169133
38.292776,33,1678.620778
-32.87,79,1679.622967
-33.0,58,1680.332459
48.0,25,1680.680233
-40.29,43,1681.241728
35.224315,49,1681.951923
38.08547,70,1682.878729
35.235915,53,1683.557399
32.759197,40,1684.095699
-35.09,50,1684.745471
35.631148,82,1685.852728
33.0,56,1686.586347
38.360656,32,1687.092935
38.402238,36,1687.569805
-34.43,50,1688.219216
32.682927,56,1689.104549
36.986546,41,1689.708665
44.635246,33,1690.166251
35.029976,92,1691.394552
-32.97,51,1692.096566
38.179577,45,1692.704838
-33.0,132,1694.359364
36.967483,38,1694.936735
35.274436,53,1695.619499
42.662648,29,1696.01469
37.415756,52,1696.667069
-32.29,93,1697.998185
43.007191,45,1698.639307
-36.0,48,1699.296945
35.192308,41,1699.831095
44.502113,31,1700.253329
-32.23,106,1701.618419
35.957746,63,1702.428107
41.711027,28,1702.847481
-32.02,62,1703.65528
40.870881,53,1704.313912
38.543153,68,1705.197775
33.0,51,1705.862278
-32.78,82,1706.882206
-32.84,87,1708.019412
-33.0,38,1708.513961
40.981765,39,1709.053524
43.772068,37,1709.553434
38.404984,43,1710.096159
39.47587,37,1710.62512
44.615385,31,1711.056543
32.415584,40,1711.602424
35.691406,42,1712.159909
32.269784,55,1712.876801
33.0,47,1713.526332
35.553055,29,1713.930533
-32.85,51,1714.614931
37.92815,33,1715.063825
-39.93,42,1715.669488
38.192727,50,1716.3274
32.52819,42,1716.900827
32.683019,41,1717.47632
43.904113,34,1718.018728
-38.58,73,1719.020599
35.141667,37,1719.634272
-32.94,69,1720.547357
41.160256,25,1720.911588
41.226404,38,1721.405877
37.64033,92,1722.66554
42.0,37,1723.197731
38.543483,63,1724.021601
-37.92,42,1724.606302
-35.3,51,1725.380415
34.480752,46,1726.061628
-33.0,83,1727.143418
38.669202,40,1727.693014
38.327465,45,1728.257457
35.804878,32,1728.71285
43.850884,36,1729.194237
-38.37,53,1729.857662
44.708955,38,1730.383042
-35.47,62,1731.217333
35.329999,54,1731.949268
-35.26,32,1732.405761
-36.0,51,1733.148757
39.934406,31,1733.608431
-33.0,56,1734.35842
35.956376,75,1735.339793
37.317365,58,1736.06993
37.715951,39,1736.58639
-43.04,40,1737.192406
35.18797,57,1737.940352
34.568669,47,1738.540182
35.401606,61,1739.40009
-32.42,45,1740.015615
35.792,44,1740.581792
35.141026,54,1741.295858
41.566667,32,1741.778557
-38.36,75,1742.78538
32.761404,78,1743.827232
-37.7,51,1744.595802
34.629398,57,1745.342032
37.643482,50,1746.037256
42.443463,42,1746.608211
37.981497,44,1747.200618
37.946494,60,1748.002327
40.696027,85,1749.097712
44.557405,40,1749.645144
35.653386,38,1750.217712
-47.1,48,1750.852594
-34.97,49,1751.522036
35.026941,73,1752.456499
43.694494,27,1752.846966
40.559193,60,1753.635796
-35.0,65,1754.58355
37.798765,44,1755.279249
37.955207,72,1756.223779
38.928783,66,1757.072149
41.390185,75,1758.107992
-32.95,64,1758.939289
32.426573,93,1760.116982
-35.47,36,1760.630937
40.553869,66,1761.460763
43.398497,81,1762.538829
35.905594,39,1763.095762
40.85826,81,1764.15351
-37.72,57,1764.88548
-32.12,44,1765.542394
40.230744,35,1766.031479
45.0,23,1766.418422
34.441075,47,1767.087778
34.991048,67,1768.023835
-34.48,55,1768.753509
43.234744,70,1769.758469
34.276533,44,1770.37016
-32.21,71,1771.311863
-35.62,64,1772.18531
-32.97,115,1773.915131
-36.47,53,1774.743848
-32.3,80,1775.885581
47.073154,44,1776.528295
32.755906,50,1777.180161
-38.66,66,1778.08271
32.119355,53,1778.797792
-45.5,50,1779.488213
-37.74,63,1780.327161
40.273042,37,1780.881312
41.476588,38,1781.40226
-38.76,64,1782.225369
-39.12,38,1782.744823
34.947578,54,1783.491933
35.298295,61,1784.299246
40.194102,42,1784.85031
37.547306,49,1785.503452
38.30888,45,1786.079779
-32.58,77,1787.001599
-32.41,45,1787.572459
34.894761,81,1788.589779
38.375909,93,1789.682036
-32.74,55,1790.379261
-32.92,98,1791.561598
37.899698,68,1792.399122
32.142349,45,1793.014882
40.279356,68,1793.833821
-36.91,95,1794.965755
-38.46,61,1795.741706
35.440945,55,1796.482097
-32.02,50,1797.129091
38.459596,52,1797.806899
37.994545,67,1798.622083
32.482639,46,1799.204982
-32.49,91,1800.360598
41.061467,33,1800.803783
44.447059,21,1801.113852
32.642534,77,1802.054631
-35.46,45,1802.701566
-32.1,78,1808.083559
32.052817,74,1809.014189
37.779498,63,1809.80001
-33.0,71,1810.702438
44.274576,32,1811.159683
-32.68,109,1812.472989
44.875862,24,1812.834916
-34.74,41,1813.394572
40.150963,52,1814.072952
40.49026,37,1814.580068
-33.0,76,1815.603454
35.481343,53,1816.263939
-32.87,71,1817.159822
-30.0,58,1817.884301
-35.07,53,1818.553961
41.360927,31,1818.977859
32.067073,123,1820.467375
-33.0,71,1821.317117
39.0,44,1821.881477
41.116959,32,1822.363808
-33.0,46,1822.96559
43.273819,33,1823.41889
32.666667,39,1823.952127
41.428554,60,1824.79726
32.008065,41,1825.344681
-33.0,66,1826.189888
-36.0,113,1827.694199
41.385766,53,1828.447716
40.237442,35,1828.969792
32.980663,113,1830.56673
44.544269,33,1831.024034
-33.0,66,1831.87041
47.69112,27,1832.257433
33.0,70,1833.176361
-32.2,58,1833.907907
43.150696,59,1834.692176
41.192878,28,1835.112309
33.0,53,1835.810533
43.088848,40,1836.357412
32.118243,91,1837.502111
35.895105,100,1838.720823
-34.83,64,1839.529775
-32.19,92,1840.771254
-35.14,62,1841.613094
-35.49,71,1842.557497
32.385455,42,1843.182945
38.803774,38,1843.753307
42.846018,29,1844.215203
43.28329,39,1844.757982
34.691389,56,1845.567967
32.058252,57,1846.312754
32.284375,115,1847.787306
-35.11,57,1848.55155
32.677778,47,1849.223994
35.187024,76,1850.220142
35.374016,69,1851.140398
-32.14,89,1852.228234
32.453237,70,1853.079182
-33.0,64,1853.913471
-30.0,74,1854.805665
37.90515,65,1855.647374
35.288973,41,1856.227857
-34.44,65,1857.069379
32.789286,39,1857.628549
-33.0,73,1858.578149
35.28,32,1859.045915
32.31338,37,1859.573727
35.59396,39,1860.094838
32.55137,49,1860.753537
38.697782,49,1861.386891
43.745184,39,1861.928468
47.692053,31,1862.376888
-32.09,60,1863.165586
-32.43,55,1863.86588
39.922952,76,1864.790077
44.860785,28,1865.199809
41.108836,38,1865.710785
-32.18,56,1866.438711
-38.02,35,1866.945676
32.396226,44,1867.546905
-35.67,64,1868.415766
38.566443,31,1869.101854
35.579545,67,1870.176
-32.49,88,1871.290854
32.424437,75,1872.226619
-32.56,38,1872.75343
-32.82,69,1873.685674
47.055498,28,1874.093961
-40.84,73,1875.006671
-32.39,123,1876.503546
32.580087,73,1877.414716
40.165776,54,1878.133907
36.0,65,1878.95266
-32.06,69,1879.800741
33.0,52,1880.457787
39.0,47,1881.061933
35.743056,37,1881.564637
-32.22,77,1882.520279
40.065822,46,1883.140357
35.674419,67,1883.993897
32.700906,55,1884.799495
38.725817,66,1885.600272
-34.91,82,1886.591089
32.948276,80,1887.683599
34.780872,49,1888.339813
-32.39,74,1889.367317
-32.12,70,1890.229176
34.596304,48,1890.913112
32.688716,54,1891.650794
-35.9,51,1892.302058
33.0,40,1892.845322
-36.94,49,1893.496735
35.476987,57,1894.229746
44.022624,21,1894.544567
32.441558,100,1895.821282
38.236735,51,1896.502571
37.872666,116,1897.990604
-32.46,117,1899.504017
-32.17,48,1900.11708
-32.78,44,1900.742532
-33.0,66,1901.572269
-39.8,73,1902.495692
-35.06,68,1903.358841
38.777448,33,1903.872068
40.942355,36,1904.392653
-35.15,45,1904.981514
32.288462,74,1905.953403
35.4125,86,1907.038613
-32.32,97,1908.254374
-32.26,112,1909.717742
35.420168,52,1910.398339
-34.62,66,1911.300586
35.711117,79,1912.342985
33.0,53,1913.066513
35.216867,29,1913.487563
-32.43,117,1915.082713
47.57529,21,1915.422335
38.115756,59,1916.234446
-32.04,60,1916.994718
41.206561,47,1917.601594
32.952,39,1918.11428
-32.79,53,1918.813719
41.262568,71,1919.822745
44.443662,63,1920.644301
34.94201,66,1921.582934
32.803846,63,1922.434285
32.964789,79,1923.539532
32.46875,59,1924.305817
40.542816,37,1924.825655
32.630542,85,1925.92439
-32.12,57,1926.639934
47.512915,27,1927.028182
-32.5,52,1927.697769
40.852455,40,1928.251086
-35.01,73,1929.32052
-35.18,64,1930.098238
32.545455,48,1930.785949
-34.4,70,1931.689254
35.176955,51,1932.3828
32.4081,60,1933.237025
33.0,40,1933.758951
35.314894,94,1934.923297
34.635696,55,1935.610756
43.06456,65,1936.488871
34.852941,78,1937.520519
-32.38,64,1938.323258
40.74421,47,1938.982869
34.643574,130,1940.630145
40.506114,46,1941.264763
38.484683,65,1942.088682
-34.73,57,1942.902125
44.428912,54,1943.671763
37.987785,44,1944.345544
-34.94,73,1945.491041
-38.21,57,1946.469135
38.737452,86,1947.931915
40.59356,72,1948.944308
-32.29,72,1949.981405
37.119927,48,1950.745175
38.585941,43,1951.381643
38.748175,36,1951.899534
-33.0,64,1952.859555
34.804192,63,1953.751918
38.292683,65,1954.555152
-33.0,65,1955.423622
41.88162,92,1956.502124
33.0,82,1957.537178
42.0,38,1958.088658
-32.31,75,1959.055894
-32.88,64,1960.057294
-33.0,61,1960.901558
35.47546,51,1961.562134
40.918471,45,1962.190204
41.342857,72,1963.135373
37.884131,79,1964.291233
32.09322,66,1965.120255
-33.0,65,1965.982667
-32.19,80,1966.975793
-38.28,36,1967.442398
40.354467,40,1968.009033
37.96073,34,1968.470365
-35.9,73,1969.429479
35.040477,67,1970.331684
-33.0,103,1971.652329
38.842407,35,1972.177352
32.730612,72,1973.10525
32.23741,80,1974.140046
34.140948,72,1975.024521
38.62987,47,1975.665011
33.0,36,1976.242522
-35.45,102,1977.571555
-35.32,58,1978.327744
35.495406,75,1979.346899
-36.76,50,1980.124368
41.189632,42,1980.756309
-32.27,46,1981.470763
40.607862,30,1981.906571
-33.0,91,1983.063907
45.860593,22,1983.41415
44.776978,29,1983.839393
32.639394,54,1984.537783
32.204545,83,1985.559176
32.758017,161,1987.765267
-32.12,43,1988.358275
32.273481,70,1989.241907
-32.74,100,1990.494118
-32.61,42,1991.104043
-32.88,121,1992.755062
34.836616,76,1993.777846
-32.34,47,1994.42668
39.763608,37,1994.952713
-33.0,68,1995.80243
37.735042,52,1996.44346
35.193248,41,1997.019485
-34.43,45,1997.624526
-32.9,57,1998.401098
32.205882,56,1999.122342
35.07747,80,2000.1957
-36.77,55,2001.003918
37.402136,45,2001.605422
46.155873,36,2002.106454
-41.44,79,2003.103466
46.280468,77,2004.074475
43.443587,61,2004.874274
42.66805,73,2005.811108
40.638662,27,2006.194535
41.005764,80,2007.253639
-35.11,77,2008.293722
-37.21,55,2009.079437
38.208934,42,2009.67701
35.405505,66,2010.535769
32.752727,85,2011.582876
40.386925,57,2012.317446
34.604433,77,2013.299582
42.352707,101,2014.5868
38.486538,68,2015.508634
42.760199,26,2015.925985
-34.99,76,2016.847023
32.688525,49,2017.478635
37.565952,82,2018.524617
-37.21,56,2019.28169
39.0,30,2019.725082
40.220782,57,2020.552268
-33.0,81,2021.613551
35.666667,47,2022.288133
40.582237,42,2022.872921
39.834183,35,2023.383629
35.338192,72,2024.343709
-37.96,81,2025.409159
37.751459,37,2025.914221
41.045113,80,2026.937355
44.953415,81,2027.931133
35.546667,48,2028.540215
39.726492,51,2029.211218
34.453029,63,2029.981306
-35.02,69,2030.823895
32.071429,108,2032.126783
42.515443,56,2032.834175
-38.98,49,2033.448822
38.181454,124,2034.909339
47.712846,72,2035.766565
-32.94,69,2036.668175
-34.16,46,2037.276301
35.011789,138,2038.900477
-32.22,120,2040.356951
-32.28,62,2041.170676
-33.0,103,2042.508718
43.657684,45,2043.115551
41.39243,53,2043.859169
43.499639,26,2044.272072
34.983007,65,2045.069133
38.440699,72,2045.943896
32.153571,53,2046.615343
-37.61,54,2047.312841
-33.0,65,2048.097742
-32.14,68,2048.953364
32.780488,57,2049.659379
-32.79,56,2050.376681
32.248447,80,2051.372015
32.224138,93,2052.442597
-35.45,47,2053.020182
43.637261,45,2053.579
34.890485,61,2054.342789
35.618182,52,2055.008323
-32.16,69,2055.835673
42.804177,33,2056.283823
32.20155,59,2057.046862
32.611511,77,2057.999811
-32.82,58,2058.710833
32.289683,73,2059.682743
34.785636,75,2060.643057
-37.2,46,2061.250017
32.74537,123,2062.770926
35.275862,55,2063.541645
-32.47,102,2064.886716
46.086274,35,2065.429207
32.37457,83,2066.629612
35.740467,31,2067.071656
-37.29,55,2067.846876
38.5,51,2068.515237
38.469226,39,2069.032215
35.552124,79,2069.98736
44.134259,46,2070.614614
35.390625,67,2071.441944
34.734773,77,2072.395959
35.349206,40,2072.992809
37.697183,45,2073.611086
33.0,51,2074.316691
-32.83,60,2075.293618
-35.15,122,2077.025669
35.639535,69,2077.984519
-35.78,61,2078.803919
32.930909,56,2079.525642
37.019294,55,2080.233561
35.574144,38,2080.781949
44.753086,31,2081.211993
-32.64,45,2081.806023
-34.84,104,2083.276222
43.052488,82,2084.365574
44.159792,38,2084.928139
-34.8,56,2085.974358
32.266212,66,2086.864729
38.243243,93,2087.946572
-35.5,91,2089.047034
-32.18,50,2089.662139
38.481343,56,2090.469415
-30.0,64,2091.367032
39.885218,69,2092.325428
40.670602,70,2093.401378
32.19788,73,2094.392172
37.465782,43,2095.033879
32.590038,66,2095.954753
-32.52,71,2096.974602
-35.11,57,2097.80058
41.723333,30,2098.269213
34.535631,80,2099.38118
37.227643,46,2100.049738
32.19708,55,2100.879037
-37.29,74,2101.934482
36.556052,70,2102.940255
-35.12,98,2104.280547
45.0,42,2104.916747
41.411576,85,2106.091743
-32.75,57,2106.895196
-32.13,78,2107.955251
34.435976,50,2108.968457
38.410695,49,2109.701566
35.113772,76,2110.871275
-34.77,48,2111.586267
-33.0,47,2112.264108
-32.99,93,2113.483892
44.534523,37,2114.032259
34.546104,48,2114.64348
40.422947,68,2115.478706
-35.55,78,2116.419185
34.597901,57,2117.135702
34.917689,100,2118.316308
-35.52,49,2119.063192
32.068548,67,2119.981366
-32.41,95,2121.493391
36.0,50,2122.476035
32.779116,55,2123.447567
-35.95,78,2124.45573
-35.49,70,2125.374769
34.743091,49,2126.051868
-34.7,65,2127.03589
-37.62,44,2127.891888
34.872835,46,2128.782873
35.501814,80,2129.835431
38.590166,33,2130.271681
40.444102,48,2130.911864
43.26408,42,2131.448849
38.035785,49,2132.093327
45.689599,46,2132.709415
33.0,71,2133.762225
38.710924,88,2134.827935
39.0,62,2135.772325
35.979866,48,2136.426925
-32.8,65,2137.24661
44.235343,26,2137.647853
36.650546,41,2138.259413
32.392713,44,2138.840351
40.532458,46,2139.428185
-32.13,107,2141.158357
-32.63,65,2142.308457
32.122378,72,2143.353676
44.291667,23,2143.694239
35.063621,38,2144.237831
-36.58,47,2144.899215
42.567632,47,2145.541549
-32.32,63,2146.370056
35.469965,51,2147.059345
42.633017,43,2147.678657
-32.58,47,2148.338729
-32.86,50,2148.962274
38.004243,55,2149.664722
41.099526,50,2150.282486
-38.13,68,2151.167895
35.551181,39,2151.656439
40.602749,44,2152.215322
38.525806,42,2152.758586
38.482644,56,2153.463547
37.791213,75,2154.386897
38.127598,81,2155.339771
-32.5,36,2155.800107
-33.0,54,2156.485161
38.092126,45,2157.045251
-30.0,58,2157.752907
36.0,68,2158.594525
41.081135,61,2159.401682
43.603416,31,2159.820866
34.615192,54,2160.504653
33.0,74,2161.476712
-35.35,74,2162.358349
39.115837,82,2163.3751
-35.27,79,2164.337822
34.885323,67,2165.138921
-32.92,47,2165.731326
40.786208,34,2166.186403
38.680052,55,2166.873933
-35.29,95,2168.001727
-32.8,73,2169.029804
37.575354,66,2169.946371
38.165289,63,2170.77288
40.559294,84,2171.895121
32.885057,68,2172.763568
36.0,73,2173.676296
36.0,50,2174.355929
-43.28,63,2175.179979
-32.47,67,2176.005563
-32.64,56,2176.732234
38.538359,98,2177.853889
-32.24,76,2178.782981
38.130031,104,2180.005461
-35.88,91,2181.116054
-32.72,49,2181.736713
-43.32,59,2182.456631
41.204978,55,2183.191099
34.848853,52,2183.890636
32.732558,84,2184.927568
38.421854,53,2185.621109
36.0,69,2186.474272
41.434381,50,2187.144969
-32.33,126,2188.607003
40.713527,43,2189.160817
43.116757,32,2189.60236
40.779459,48,2190.240952
38.512814,40,2190.765142
32.438202,58,2191.506218
-33.0,129,2193.057185
32.135593,73,2193.948723
32.318519,46,2194.539599
33.0,42,2195.104741
41.75,72,2195.98084
-32.14,84,2196.973089
-32.92,64,2197.835163
-32.52,47,2198.498131
38.366892,38,2199.068635
37.518676,72,2200.073032
-32.97,80,2201.052375
35.430189,46,2216.42536
-36.0,94,2217.760375
32.778369,131,2219.441786
35.293174,55,2220.179349
37.53918,51,2220.837575
32.180952,66,2221.690231
37.075309,44,2222.282447
-36.78,57,2222.994496
41.45935,26,2223.373722
-32.88,61,2224.144399
-32.46,64,2224.979807
41.436553,63,2225.751986
35.419535,38,2226.268448
38.376155,34,2226.757904
-32.81,61,2227.637885
43.892691,78,2228.694353
-32.05,90,2229.999881
-32.15,84,2231.29129
38.292826,43,2231.970601
45.315614,44,2232.719732
-32.11,67,2233.747926
-33.0,60,2234.621941
-32.42,53,2235.466027
40.789902,53,2236.1594
32.624161,50,2236.806345
38.727273,50,2237.521286
35.468394,40,2238.101659
32.04886,67,2239.027952
-34.8,65,2239.952803
37.968826,91,2241.06821
-32.82,41,2241.619631
-37.06,42,2242.224504
42.855157,87,2243.299877
32.730769,76,2244.250117
40.005218,84,2245.305565
34.694167,59,2246.040887
37.489874,43,2246.602887
-32.33,58,2247.37649
40.531121,98,2248.535529
35.060377,42,2249.089684
35.048324,76,2250.045359
37.153768,43,2250.601008
-32.04,48,2251.212894
43.918221,42,2251.769032
34.882539,61,2252.58119
-32.65,54,2253.305162
-35.95,69,2254.152521
-32.33,62,2254.936937
35.587662,44,2255.492072
35.775801,65,2256.643348
-36.0,85,2257.744502
-33.0,128,2259.214151
-35.82,83,2260.23658
-32.82,41,2260.773367
35.128239,48,2261.363762
-33.0,101,2262.578936
37.82605,55,2263.250245
43.548463,31,2263.66779
32.4,80,2264.601871
41.244026,64,2265.387873
-32.4,52,2266.034917
46.017674,46,2266.624082
47.148448,76,2267.562734
37.772122,57,2268.271939
-32.87,97,2269.411189
32.279851,122,2270.868147
-35.4,101,2272.065833
41.652222,49,2272.675804
-35.54,88,2273.708522
-34.56,54,2274.4098
35.300428,82,2275.397779
-35.56,53,2276.093683
35.43083,65,2277.013108
38.456878,77,2278.001975
-35.28,66,2278.846617
35.875,52,2279.544552
-38.97,72,2280.575083
32.683099,41,2281.200632
35.730612,39,2281.704174
-35.52,71,2282.582667
32.970149,64,2283.502054
43.317935,41,2284.096576
37.029029,68,2285.08697
36.986891,80,2286.369091
35.707317,55,2287.201247
-33.0,52,2287.947541
-32.43,59,2288.865719
-32.56,31,2289.380442
35.391301,50,2290.120002
34.768495,51,2290.894326
35.673333,69,2292.00041
-32.15,47,2292.780538
39.22917,128,2294.584048
-32.17,57,2295.430138
35.338991,46,2296.14895
40.7596,49,2296.881134
44.432234,52,2297.571051
38.796935,104,2299.09059
32.26259,82,2300.13707
34.90803,50,2300.772292
-34.5,38,2301.281458
47.284173,22,2301.620944
41.22988,43,2302.269099
-32.49,53,2303.054623
-33.0,67,2304.10565
41.468354,34,2304.745399
-32.87,59,2305.61552
38.256874,52,2306.30572
-35.03,54,2307.189903
37.541245,62,2308.049937
41.485073,56,2308.823955
41.121688,60,2309.685052
35.51524,96,2310.907841
-37.93,53,2311.649898
-32.3,54,2312.386871
-37.94,55,2313.158929
-35.09,61,2313.994842
-38.09,47,2314.696787
-33.0,55,2315.455769
35.205323,59,2316.238871
-32.38,59,2317.013782
44.550704,37,2317.598343
32.377778,44,2318.183143
38.132766,41,2318.78012
-37.79,50,2319.444525
-32.94,80,2320.52624
32.77439,50,2321.262747
-43.64,83,2322.38405
44.00809,36,2322.924789
41.572848,43,2323.519759
-37.2,79,2324.608909
32.986577,67,2325.524747
-32.6,45,2326.120812
44.301755,27,2326.533453
43.282886,37,2327.07437
46.993491,54,2327.969453
35.438024,48,2328.642117
40.868458,55,2329.416338
32.552239,71,2330.375371
40.440291,39,2330.980434
-46.53,43,2331.624198
